<?xml version="1.0" encoding="UTF-8"?>
<!DOCTYPE configuration
  PUBLIC "-//mybatis.org//DTD Config 3.0//EN"
  "http://mybatis.org/dtd/mybatis-3-config.dtd">
<configuration>
<!-- jdbc.properties파일 등록 -->
<properties resource="jdbc.properties"/>
<!--  typealias 등록 -->
<typeAliases>
	<typeAlias type="com.dto.Dept" alias="Dept"></typeAlias><!-- Alias추가  -->
</typeAliases>
  <environments default="development">
    <environment id="development">
      <transactionManager type="JDBC"/>
      <dataSource type="POOLED">
        <property name="driver" value="${oracle.jdbc}"/>
        <property name="url" value="${oracle.url}"/>
        <property name="username" value="${oracle.userid}"/>
        <property name="password" value="${oracle.passwd}"/>
  <!--       <property name="driver" value="oracle.jdbc.driver.OracleDriver"/>
        <property name="url" value="jdbc:oracle:thin:@localhost:1521:orcl"/>
        <property name="username" value="scott"/>
        <property name="password" value="tiger"/>  --> 
      </dataSource>
    </environment>
  </environments>
  <mappers>
    <mapper resource="DeptMapper.xml"/>
    <mapper resource="DeptMapper2.xml"/>
  </mappers>
</configuration>