<?xml version="1.0" encoding="UTF-8"?>
<!DOCTYPE mapper
  PUBLIC "-//mybatis.org//DTD Mapper 3.0//EN"
  "http://mybatis.org/dtd/mybatis-3-mapper.dtd">
<mapper namespace="com.dept.DeptMapper4">
	<select id="multiSelect" parameterType="arraylist" resultType="Dept">
		select deptno, dname, loc 
		from dept 
		where deptno In <!--  주의 -->
		<foreach item="item" index="index" collection="list" open="("
		separator="," close=")">
			#{item}
		</foreach>	
	</select>







	<update id="multiUpdate" parameterType="arraylist">
	  update dept
	  set loc='제주'
	  where deptno IN
	  <foreach item="item" index="index" collection="list"
	      open="(" separator="," close=")">
	        #{item}
	  </foreach>
	</update>






</mapper>