<?xml version="1.0" encoding="UTF-8"?>
<!DOCTYPE mapper
  PUBLIC "-//mybatis.org//DTD Mapper 3.0//EN"
  "http://mybatis.org/dtd/mybatis-3-mapper.dtd">
<mapper namespace="com.dept.DeptMapper3">

	<select id="selectDynamicChoose" parameterType="hashmap" resultType="Dept">
		 select deptno, dname, loc
		 from dept
		 <choose>
		 	<when test="dname != null">
		 		where dname= #{dname}
		 	</when>
		 	<when test="loc != null">
		 	 	where loc= #{loc}
		 	</when>
		 	<otherwise>
		 		where deptno=10
		 	</otherwise>		 
		 </choose>
	</select>
</mapper>